Titre;Note;Lien
Predator : Killer of Killers;80;https://www.themoviedb.org/movie/1376434-predator-killer-of-killers
À bout;81;https://www.themoviedb.org/movie/1426776-straw
The Amateur;69;https://www.themoviedb.org/movie/1087891-the-amateur
Mr Wolff 2;72;https://www.themoviedb.org/movie/870028-the-accountant
Lilo & Stitch;71;https://www.themoviedb.org/movie/552524-lilo-stitch
Destination finale : Bloodlines;70;https://www.themoviedb.org/movie/574475-final-destination-bloodlines
Mikaela;63;https://www.themoviedb.org/movie/1315988-mikaela
K.O.;68;https://www.themoviedb.org/movie/1450599-k-o
Bienvenue à Utopia;50;https://www.themoviedb.org/movie/1379587-utopia
Dragons;80;https://www.themoviedb.org/movie/1087192-how-to-train-your-dragon
Sinners;76;https://www.themoviedb.org/movie/1233413-sinners
Deep Cover;68;https://www.themoviedb.org/movie/1239193-deep-cover
La Nuit des Clowns;65;https://www.themoviedb.org/movie/713364-clown-in-a-cornfield
The Roundup: Punishment;68;https://www.themoviedb.org/movie/1017163-4
Minecraft, le film;65;https://www.themoviedb.org/movie/950387-a-minecraft-movie
3ão: An Endless Story;84;https://www.themoviedb.org/movie/1225916-3ao-uma-historia-sem-fim
Life After Fighting;70;https://www.themoviedb.org/movie/1289601-life-after-fighting
Ballerina;71;https://www.themoviedb.org/movie/541671-ballerina
Kayara;78;https://www.themoviedb.org/movie/666154-kayara
A Working Man;67;https://www.themoviedb.org/movie/1197306-a-working-man
